{
"FIELD_PROPERTIES" : {
"POROSITY" : 0.12550238250000703, 
"X_1_MID_PERMEABILITY" : 0.7702345495237967, 
"X_2_MID_PERMEABILITY" : 0.1976026544480855
}
}