{
"FIELD_PROPERTIES" : {
"POROSITY" : 0.11270390221996879, 
"X_1_MID_PERMEABILITY" : 0.6125167549201775, 
"X_2_MID_PERMEABILITY" : 0.18098610482778893
}
}