{
"FIELD_PROPERTIES" : {
"POROSITY" : 0.42711567349670976, 
"X_1_MID_PERMEABILITY" : 0.23709733127545599, 
"X_2_MID_PERMEABILITY" : 0.4007344757222475
}
}