{
"FIELD_PROPERTIES" : {
"POROSITY" : 0.23303743244126, 
"X_1_MID_PERMEABILITY" : 0.6378049895522094, 
"X_2_MID_PERMEABILITY" : 0.2924785429121767
}
}