{
"FIELD_PROPERTIES" : {
"POROSITY" : 0.2415283371585222, 
"X_1_MID_PERMEABILITY" : 0.6426171398800758, 
"X_2_MID_PERMEABILITY" : 0.107286824843791
}
}