{
"FIELD_PROPERTIES" : {
"POROSITY" : 0.20003996877674474, 
"X_1_MID_PERMEABILITY" : 0.15091382139643134, 
"X_2_MID_PERMEABILITY" : 0.3640280705564626
}
}