{
"FIELD_PROPERTIES" : {
"POROSITY" : 0.523434047440156, 
"X_1_MID_PERMEABILITY" : 0.7983609937339389, 
"X_2_MID_PERMEABILITY" : 0.21579881811998258
}
}