{
"FIELD_PROPERTIES" : {
"POROSITY" : 0.1847802229024536, 
"X_1_MID_PERMEABILITY" : 0.600147549768959, 
"X_2_MID_PERMEABILITY" : 0.25554535298017256
}
}