{
"FIELD_PROPERTIES" : {
"POROSITY" : 0.3754011049969673, 
"X_1_MID_PERMEABILITY" : 0.5570635068519633, 
"X_2_MID_PERMEABILITY" : 0.13829868330285033
}
}