{
"FIELD_PROPERTIES" : {
"POROSITY" : 0.2828701221551937, 
"X_1_MID_PERMEABILITY" : 0.5042058336512665, 
"X_2_MID_PERMEABILITY" : 0.15116196299399032
}
}