{
"FIELD_PROPERTIES" : {
"POROSITY" : 0.1531404131940019, 
"X_1_MID_PERMEABILITY" : 0.5396415345455948, 
"X_2_MID_PERMEABILITY" : 0.2390347464678526
}
}