{
"FIELD_PROPERTIES" : {
"POROSITY" : 0.8369297628843256, 
"X_1_MID_PERMEABILITY" : 0.6083995333314636, 
"X_2_MID_PERMEABILITY" : 0.22826455146873278
}
}