{
"FIELD_PROPERTIES" : {
"POROSITY" : 0.22031924290103005, 
"X_1_MID_PERMEABILITY" : 0.7728592318327631, 
"X_2_MID_PERMEABILITY" : 0.2512842420754168
}
}