{
"FIELD_PROPERTIES" : {
"POROSITY" : 0.705562720669838, 
"X_1_MID_PERMEABILITY" : 0.5131934289120798, 
"X_2_MID_PERMEABILITY" : 0.35304179889372866
}
}