{
"FIELD_PROPERTIES" : {
"POROSITY" : 0.11872205462331206, 
"X_1_MID_PERMEABILITY" : 0.625944655544292, 
"X_2_MID_PERMEABILITY" : 0.2614532290086331
}
}