{
"FIELD_PROPERTIES" : {
"POROSITY" : 0.11339165025173825, 
"X_1_MID_PERMEABILITY" : 0.7313556088222529, 
"X_2_MID_PERMEABILITY" : 0.10155760069866944
}
}