{
"FIELD_PROPERTIES" : {
"POROSITY" : 0.11873622857745375, 
"X_1_MID_PERMEABILITY" : 0.5394115757458477, 
"X_2_MID_PERMEABILITY" : 0.11060321137020163
}
}