{
"FIELD_PROPERTIES" : {
"POROSITY" : 0.23045979931902563, 
"X_1_MID_PERMEABILITY" : 0.35963642884396996, 
"X_2_MID_PERMEABILITY" : 0.24848722628098757
}
}