{
"FIELD_PROPERTIES" : {
"POROSITY" : 0.1596242416744051, 
"X_1_MID_PERMEABILITY" : 0.4884777575784469, 
"X_2_MID_PERMEABILITY" : 0.1104672970784164
}
}