{
"FIELD_PROPERTIES" : {
"POROSITY" : 0.18879668868372712, 
"X_1_MID_PERMEABILITY" : 0.4299482593961318, 
"X_2_MID_PERMEABILITY" : 0.2881453209080118
}
}