{
"FIELD_PROPERTIES" : {
"POROSITY" : 0.8246307382264026, 
"X_1_MID_PERMEABILITY" : 0.4027401908240372, 
"X_2_MID_PERMEABILITY" : 0.18651521485714517
}
}