{
"FIELD_PROPERTIES" : {
"POROSITY" : 0.12822614039624314, 
"X_1_MID_PERMEABILITY" : 0.5359516085270944, 
"X_2_MID_PERMEABILITY" : 0.2208094763447782
}
}