{
"FIELD_PROPERTIES" : {
"POROSITY" : 0.18289062716607146, 
"X_1_MID_PERMEABILITY" : 0.6380792316734787, 
"X_2_MID_PERMEABILITY" : 0.1027637273142271
}
}