{
"FIELD_PROPERTIES" : {
"POROSITY" : 0.1619970129842789, 
"X_1_MID_PERMEABILITY" : 0.42626496738438846, 
"X_2_MID_PERMEABILITY" : 0.28376389532035107
}
}