{
"FIELD_PROPERTIES" : {
"POROSITY" : 0.10837584535552007, 
"X_1_MID_PERMEABILITY" : 0.5365574332886236, 
"X_2_MID_PERMEABILITY" : 0.10658029535093627
}
}