{
"FIELD_PROPERTIES" : {
"POROSITY" : 0.5015155469047151, 
"X_1_MID_PERMEABILITY" : 0.565459531515374, 
"X_2_MID_PERMEABILITY" : 0.5540840827949927
}
}