{
"FIELD_PROPERTIES" : {
"POROSITY" : 0.163269772233451, 
"X_1_MID_PERMEABILITY" : 0.634997141497447, 
"X_2_MID_PERMEABILITY" : 0.23880515474659145
}
}