{
"FIELD_PROPERTIES" : {
"POROSITY" : 0.13707853786194787, 
"X_1_MID_PERMEABILITY" : 0.5946670999418777, 
"X_2_MID_PERMEABILITY" : 0.23162324764491135
}
}