{
"FIELD_PROPERTIES" : {
"POROSITY" : 0.12069384708112364, 
"X_1_MID_PERMEABILITY" : 0.6862765786160308, 
"X_2_MID_PERMEABILITY" : 0.10129549313529286
}
}