{
"FIELD_PROPERTIES" : {
"POROSITY" : 0.6077775146574025, 
"X_1_MID_PERMEABILITY" : 0.5908363012335829, 
"X_2_MID_PERMEABILITY" : 0.5799028780505739
}
}