{
"FIELD_PROPERTIES" : {
"POROSITY" : 0.12558346738958945, 
"X_1_MID_PERMEABILITY" : 0.7324445667943152, 
"X_2_MID_PERMEABILITY" : 0.10296940821436026
}
}