{
"FIELD_PROPERTIES" : {
"POROSITY" : 0.10686837289353524, 
"X_1_MID_PERMEABILITY" : 0.3184220411669139, 
"X_2_MID_PERMEABILITY" : 0.26630583381579626
}
}