{
"FIELD_PROPERTIES" : {
"POROSITY" : 0.14869597743736276, 
"X_1_MID_PERMEABILITY" : 0.6186325429185423, 
"X_2_MID_PERMEABILITY" : 0.21492256402417143
}
}