{
"FIELD_PROPERTIES" : {
"POROSITY" : 0.12066125359022703, 
"X_1_MID_PERMEABILITY" : 0.6299130844264756, 
"X_2_MID_PERMEABILITY" : 0.20683302279595356
}
}