{
"FIELD_PROPERTIES" : {
"POROSITY" : 0.7143203023425401, 
"X_1_MID_PERMEABILITY" : 0.853243588035501, 
"X_2_MID_PERMEABILITY" : 0.48358949356674996
}
}