{
"FIELD_PROPERTIES" : {
"POROSITY" : 0.22510557781068374, 
"X_1_MID_PERMEABILITY" : 0.694607422015463, 
"X_2_MID_PERMEABILITY" : 0.1095898337716851
}
}